,directory_name,directory_path,file_name,original_size,small_path,medium_path,big_path,small_size,medium_size,big_size,small_dpi,medium_dpi,big_dpi
0,lotpolishair,tickets/lotpolishair,lotpolishairTicket.jpeg,medium,tickets/lotpolishair/im_small/lotpolishairTicket.jpeg,tickets/lotpolishair/im_medium/lotpolishairTicket.jpeg,tickets/lotpolishair/im_big/lotpolishairTicket.jpeg,"(164, 604)","(564, 1004)","(564, 1004)","(72, 72)","(72, 72)","(72, 72)"
1,lotpolishair,tickets/lotpolishair,lotairTicket.jpeg,medium,tickets/lotpolishair/im_small/lotairTicket.jpeg,tickets/lotpolishair/im_medium/lotairTicket.jpeg,tickets/lotpolishair/im_big/lotairTicket.jpeg,"(364, 804)","(253, 450)","(764, 1204)","(1, 1)","(1, 1)","(1, 1)"
2,aegeanair,tickets/aegeanair,aegeanTicket.jpeg,medium,tickets/aegeanair/im_small/aegeanTicket.jpeg,tickets/aegeanair/im_medium/aegeanTicket.jpeg,tickets/aegeanair/im_big/aegeanTicket.jpeg,"(53, 250)","(787, 1111)","(453, 650)","(96, 96)","(96, 96)","(96, 96)"
3,aegeanair,tickets/aegeanair,aegeanairTicket.jpeg,medium,tickets/aegeanair/im_small/aegeanairTicket.jpeg,tickets/aegeanair/im_medium/aegeanairTicket.jpeg,tickets/aegeanair/im_big/aegeanairTicket.jpeg,"(587, 911)","(548, 343)","(987, 1311)","(96, 96)","(96, 96)","(96, 96)"
4,airfrance,tickets/airfrance,airfranceTicket copy.jpeg,medium,tickets/airfrance/im_small/airfranceTicket copy.jpeg,tickets/airfrance/im_medium/airfranceTicket copy.jpeg,tickets/airfrance/im_big/airfranceTicket copy.jpeg,"(348, 143)","(563, 311)","(748, 543)","(72, 72)","(72, 72)","(72, 72)"
5,airfrance,tickets/airfrance,airfranceTicket2 copy.jpeg,medium,tickets/airfrance/im_small/airfranceTicket2 copy.jpeg,tickets/airfrance/im_medium/airfranceTicket2 copy.jpeg,tickets/airfrance/im_big/airfranceTicket2 copy.jpeg,"(363, 111)","(564, 1002)","(763, 511)","(72, 72)","(72, 72)","(72, 72)"
6,airfrance,tickets/airfrance,airfranceticket2.jpeg,medium,tickets/airfrance/im_small/airfranceticket2.jpeg,tickets/airfrance/im_medium/airfranceticket2.jpeg,tickets/airfrance/im_big/airfranceticket2.jpeg,"(364, 802)","(500, 772)","(764, 1202)","(72, 72)","(72, 72)","(72, 72)"
7,airfrance,tickets/airfrance,airfranceTicket.jpeg,medium,tickets/airfrance/im_small/airfranceTicket.jpeg,tickets/airfrance/im_medium/airfranceTicket.jpeg,tickets/airfrance/im_big/airfranceTicket.jpeg,"(300, 572)","(564, 1001)","(700, 972)","(72, 72)","(72, 72)","(72, 72)"
8,easyjetair,tickets/easyjetair,easyjetTicket.png,medium,tickets/easyjetair/im_small/easyjetTicket.png,tickets/easyjetair/im_medium/easyjetTicket.png,tickets/easyjetair/im_big/easyjetTicket.png,"(364, 801)","(1882, 1562)","(764, 1201)","(144, 144)","(144, 144)","(144, 144)"
9,easyjetair,tickets/easyjetair,easyjetTicket.jpg,medium,tickets/easyjetair/im_small/easyjetTicket.jpg,tickets/easyjetair/im_medium/easyjetTicket.jpg,tickets/easyjetair/im_big/easyjetTicket.jpg,"(1682, 1362)","(1882, 1562)","(2082, 1762)","(144, 144)","(144, 144)","(144, 144)"
10,easyjetair,tickets/easyjetair,hello.png,medium,tickets/easyjetair/im_small/hello.png,tickets/easyjetair/im_medium/hello.png,tickets/easyjetair/im_big/hello.png,"(1682, 1362)","(1938, 1616)","(2082, 1762)","(144, 144)","(144, 144)","(144, 144)"
11,easyjetair,tickets/easyjetair,helloSmall.jpeg,medium,tickets/easyjetair/im_small/helloSmall.jpeg,tickets/easyjetair/im_medium/helloSmall.jpeg,tickets/easyjetair/im_big/helloSmall.jpeg,"(1738, 1416)","(320, 267)","(2138, 1816)","(144, 144)","(144, 144)","(144, 144)"
12,royaldutchair,tickets/royaldutchair,klmairTicket.jpeg,medium,tickets/royaldutchair/im_small/klmairTicket.jpeg,tickets/royaldutchair/im_medium/klmairTicket.jpeg,tickets/royaldutchair/im_big/klmairTicket.jpeg,"(120, 67)","(793, 1113)","(520, 467)","(96, 96)","(96, 96)","(96, 96)"
13,royaldutchair,tickets/royaldutchair,klmairTicket2.jpeg,medium,tickets/royaldutchair/im_small/klmairTicket2.jpeg,tickets/royaldutchair/im_medium/klmairTicket2.jpeg,tickets/royaldutchair/im_big/klmairTicket2.jpeg,"(593, 913)","(793, 1113)","(993, 1313)","(96, 96)","(96, 96)","(96, 96)"
14,royaldutchair,tickets/royaldutchair,royaldutchairTicket.jpeg,medium,tickets/royaldutchair/im_small/royaldutchairTicket.jpeg,tickets/royaldutchair/im_medium/royaldutchairTicket.jpeg,tickets/royaldutchair/im_big/royaldutchairTicket.jpeg,"(593, 913)","(413, 548)","(993, 1313)","(72, 72)","(72, 72)","(72, 72)"
15,aireuropa,tickets/aireuropa,aireuropaTicket.jpeg,medium,tickets/aireuropa/im_small/aireuropaTicket.jpeg,tickets/aireuropa/im_medium/aireuropaTicket.jpeg,tickets/aireuropa/im_big/aireuropaTicket.jpeg,"(213, 348)","(787, 1111)","(613, 748)","(96, 96)","(96, 96)","(96, 96)"
16,aireuropa,tickets/aireuropa,aireuropaTicket2.jpeg,medium,tickets/aireuropa/im_small/aireuropaTicket2.jpeg,tickets/aireuropa/im_medium/aireuropaTicket2.jpeg,tickets/aireuropa/im_big/aireuropaTicket2.jpeg,"(587, 911)","(789, 1115)","(987, 1311)","(96, 96)","(96, 96)","(96, 96)"
17,tapportugalair,tickets/tapportugalair,tapairTicket.png,medium,tickets/tapportugalair/im_small/tapairTicket.png,tickets/tapportugalair/im_medium/tapairTicket.png,tickets/tapportugalair/im_big/tapairTicket.png,"(589, 915)","(352, 498)","(989, 1315)","(0, 0)","(0, 0)","(0, 0)"
18,latamairlines,tickets/latamairlines,latamairTicket2.jpeg,medium,tickets/latamairlines/im_small/latamairTicket2.jpeg,tickets/latamairlines/im_medium/latamairTicket2.jpeg,tickets/latamairlines/im_big/latamairTicket2.jpeg,"(152, 298)","(564, 1001)","(552, 698)","(72, 72)","(72, 72)","(72, 72)"
19,latamairlines,tickets/latamairlines,latamairTicket.jpeg,medium,tickets/latamairlines/im_small/latamairTicket.jpeg,tickets/latamairlines/im_medium/latamairTicket.jpeg,tickets/latamairlines/im_big/latamairTicket.jpeg,"(364, 801)","(564, 1150)","(764, 1201)","(72, 72)","(72, 72)","(72, 72)"
20,britishairways,tickets/britishairways,biritishairTicket2.jpeg,medium,tickets/britishairways/im_small/biritishairTicket2.jpeg,tickets/britishairways/im_medium/biritishairTicket2.jpeg,tickets/britishairways/im_big/biritishairTicket2.jpeg,"(364, 950)","(485, 685)","(764, 1350)","(0, 0)","(0, 0)","(0, 0)"
21,britishairways,tickets/britishairways,britishairTicket.jpeg,medium,tickets/britishairways/im_small/britishairTicket.jpeg,tickets/britishairways/im_medium/britishairTicket.jpeg,tickets/britishairways/im_big/britishairTicket.jpeg,"(285, 485)","(789, 1115)","(685, 885)","(96, 96)","(96, 96)","(96, 96)"
22,chinaairlines,tickets/chinaairlines,chinaairTicket.png,medium,tickets/chinaairlines/im_small/chinaairTicket.png,tickets/chinaairlines/im_medium/chinaairTicket.png,tickets/chinaairlines/im_big/chinaairTicket.png,"(589, 915)","(1712, 1482)","(989, 1315)","(600, 600)","(600, 600)","(600, 600)"
23,garudaindonesiaair,tickets/garudaindonesiaair,garudaindonesiTicket.png,medium,tickets/garudaindonesiaair/im_small/garudaindonesiTicket.png,tickets/garudaindonesiaair/im_medium/garudaindonesiTicket.png,tickets/garudaindonesiaair/im_big/garudaindonesiTicket.png,"(1512, 1282)","(595, 841)","(1912, 1682)","(0, 0)","(0, 0)","(0, 0)"
24,transavia,tickets/transavia,transaviaairTicket.jpeg,medium,tickets/transavia/im_small/transaviaairTicket.jpeg,tickets/transavia/im_medium/transaviaairTicket.jpeg,tickets/transavia/im_big/transaviaairTicket.jpeg,"(395, 641)","(789, 1113)","(795, 1041)","(96, 96)","(96, 96)","(96, 96)"
25,utairairline,tickets/utairairline,utairTicket.jpeg,medium,tickets/utairairline/im_small/utairTicket.jpeg,tickets/utairairline/im_medium/utairTicket.jpeg,tickets/utairairline/im_big/utairTicket.jpeg,"(589, 913)","(787, 1111)","(989, 1313)","(96, 96)","(96, 96)","(96, 96)"
26,utairairline,tickets/utairairline,utairTicket2.jpeg,medium,tickets/utairairline/im_small/utairTicket2.jpeg,tickets/utairairline/im_medium/utairTicket2.jpeg,tickets/utairairline/im_big/utairTicket2.jpeg,"(587, 911)","(785, 1111)","(987, 1311)","(96, 96)","(96, 96)","(96, 96)"
27,cityjet,tickets/cityjet,cityjetairTicket.jpeg,medium,tickets/cityjet/im_small/cityjetairTicket.jpeg,tickets/cityjet/im_medium/cityjetairTicket.jpeg,tickets/cityjet/im_big/cityjetairTicket.jpeg,"(585, 911)","(564, 1220)","(985, 1311)","(72, 72)","(72, 72)","(72, 72)"
28,olympicair,tickets/olympicair,olympicairTicket.jpeg,medium,tickets/olympicair/im_small/olympicairTicket.jpeg,tickets/olympicair/im_medium/olympicairTicket.jpeg,tickets/olympicair/im_big/olympicairTicket.jpeg,"(364, 1020)","(787, 1111)","(764, 1420)","(96, 96)","(96, 96)","(96, 96)"
29,jetssmartair,tickets/jetssmartair,jetsmartairTicket.jpeg,medium,tickets/jetssmartair/im_small/jetsmartairTicket.jpeg,tickets/jetssmartair/im_medium/jetsmartairTicket.jpeg,tickets/jetssmartair/im_big/jetsmartairTicket.jpeg,"(587, 911)","(400, 700)","(987, 1311)","(0, 0)","(0, 0)","(0, 0)"
30,swissair,tickets/swissair,swissairTicket.jpeg,medium,tickets/swissair/im_small/swissairTicket.jpeg,tickets/swissair/im_medium/swissairTicket.jpeg,tickets/swissair/im_big/swissairTicket.jpeg,"(200, 500)","(418, 579)","(600, 900)","(96, 96)","(96, 96)","(96, 96)"
31,middleeastairlines,tickets/middleeastairlines,middleeastTicket.jpeg,medium,tickets/middleeastairlines/im_small/middleeastTicket.jpeg,tickets/middleeastairlines/im_medium/middleeastTicket.jpeg,tickets/middleeastairlines/im_big/middleeastTicket.jpeg,"(218, 379)","(905, 1280)","(618, 779)","(144, 144)","(144, 144)","(144, 144)"
32,condorair,tickets/condorair,condorairTicket.jpg,medium,tickets/condorair/im_small/condorairTicket.jpg,tickets/condorair/im_medium/condorairTicket.jpg,tickets/condorair/im_big/condorairTicket.jpg,"(705, 1080)","(564, 1222)","(1105, 1480)","(72, 72)","(72, 72)","(72, 72)"
33,condorair,tickets/condorair,condorairTicket Medium.png,medium,tickets/condorair/im_small/condorairTicket Medium.png,tickets/condorair/im_medium/condorairTicket Medium.png,tickets/condorair/im_big/condorairTicket Medium.png,"(364, 1022)","(295, 640)","(764, 1422)","(72, 72)","(72, 72)","(72, 72)"
34,frontierairline,tickets/frontierairline,frontierairlineTicket.jpeg,medium,tickets/frontierairline/im_small/frontierairlineTicket.jpeg,tickets/frontierairline/im_medium/frontierairlineTicket.jpeg,tickets/frontierairline/im_big/frontierairlineTicket.jpeg,"(95, 440)","(564, 1220)","(495, 840)","(72, 72)","(72, 72)","(72, 72)"
35,voloteaair,tickets/voloteaair,voloteaairTicket3.jpeg,medium,tickets/voloteaair/im_small/voloteaairTicket3.jpeg,tickets/voloteaair/im_medium/voloteaairTicket3.jpeg,tickets/voloteaair/im_big/voloteaairTicket3.jpeg,"(364, 1020)","(793, 1115)","(764, 1420)","(96, 96)","(96, 96)","(96, 96)"
36,voloteaair,tickets/voloteaair,voloteaairTicket2.jpeg,medium,tickets/voloteaair/im_small/voloteaairTicket2.jpeg,tickets/voloteaair/im_medium/voloteaairTicket2.jpeg,tickets/voloteaair/im_big/voloteaairTicket2.jpeg,"(593, 915)","(787, 1111)","(993, 1315)","(96, 96)","(96, 96)","(96, 96)"
37,voloteaair,tickets/voloteaair,voloteairTicket.jpeg,medium,tickets/voloteaair/im_small/voloteairTicket.jpeg,tickets/voloteaair/im_medium/voloteairTicket.jpeg,tickets/voloteaair/im_big/voloteairTicket.jpeg,"(587, 911)","(435, 609)","(987, 1311)","(72, 72)","(72, 72)","(72, 72)"
38,vivaaerobus,tickets/vivaaerobus,vivaaerobusTicket.jpeg,medium,tickets/vivaaerobus/im_small/vivaaerobusTicket.jpeg,tickets/vivaaerobus/im_medium/vivaaerobusTicket.jpeg,tickets/vivaaerobus/im_big/vivaaerobusTicket.jpeg,"(235, 409)","(564, 849)","(635, 809)","(72, 72)","(72, 72)","(72, 72)"
39,volarisair,tickets/volarisair,volarisTicket.jpeg,medium,tickets/volarisair/im_small/volarisTicket.jpeg,tickets/volarisair/im_medium/volarisTicket.jpeg,tickets/volarisair/im_big/volarisTicket.jpeg,"(364, 649)","(564, 1058)","(764, 1049)","(72, 72)","(72, 72)","(72, 72)"
40,emiratesair,tickets/emiratesair,emiratesTicket.png,medium,tickets/emiratesair/im_small/emiratesTicket.png,tickets/emiratesair/im_medium/emiratesTicket.png,tickets/emiratesair/im_big/emiratesTicket.png,"(364, 858)","(1238, 1582)","(764, 1258)","(144, 144)","(144, 144)","(144, 144)"
41,spiritairlines,tickets/spiritairlines,spiritairTicket.jpeg,medium,tickets/spiritairlines/im_small/spiritairTicket.jpeg,tickets/spiritairlines/im_medium/spiritairTicket.jpeg,tickets/spiritairlines/im_big/spiritairTicket.jpeg,"(1038, 1382)","(564, 1003)","(1438, 1782)","(72, 72)","(72, 72)","(72, 72)"
42,iberiaair,tickets/iberiaair,iberiaairTicket.jpeg,medium,tickets/iberiaair/im_small/iberiaairTicket.jpeg,tickets/iberiaair/im_medium/iberiaairTicket.jpeg,tickets/iberiaair/im_big/iberiaairTicket.jpeg,"(364, 803)","(787, 1111)","(764, 1203)","(96, 96)","(96, 96)","(96, 96)"
43,sasairlines,tickets/sasairlines,sasairTicket.jpeg,medium,tickets/sasairlines/im_small/sasairTicket.jpeg,tickets/sasairlines/im_medium/sasairTicket.jpeg,tickets/sasairlines/im_big/sasairTicket.jpeg,"(587, 911)","(787, 1111)","(987, 1311)","(96, 96)","(96, 96)","(96, 96)"
44,sasairlines,tickets/sasairlines,sasairTicket2.jpeg,medium,tickets/sasairlines/im_small/sasairTicket2.jpeg,tickets/sasairlines/im_medium/sasairTicket2.jpeg,tickets/sasairlines/im_big/sasairTicket2.jpeg,"(587, 911)","(789, 1113)","(987, 1311)","(96, 96)","(96, 96)","(96, 96)"
45,qatarairways,tickets/qatarairways,qatarairTicket.jpeg,medium,tickets/qatarairways/im_small/qatarairTicket.jpeg,tickets/qatarairways/im_medium/qatarairTicket.jpeg,tickets/qatarairways/im_big/qatarairTicket.jpeg,"(589, 913)","(575, 1024)","(989, 1313)","(0, 0)","(0, 0)","(0, 0)"
46,wizzair,tickets/wizzair,wizzairTicket6.jpeg,medium,tickets/wizzair/im_small/wizzairTicket6.jpeg,tickets/wizzair/im_medium/wizzairTicket6.jpeg,tickets/wizzair/im_big/wizzairTicket6.jpeg,"(375, 824)","(386, 500)","(775, 1224)","(150, 150)","(150, 150)","(150, 150)"
47,wizzair,tickets/wizzair,wizzairTicket4.jpeg,medium,tickets/wizzair/im_small/wizzairTicket4.jpeg,tickets/wizzair/im_medium/wizzairTicket4.jpeg,tickets/wizzair/im_big/wizzairTicket4.jpeg,"(186, 300)","(2106, 1782)","(586, 700)","(300, 300)","(300, 300)","(300, 300)"
48,wizzair,tickets/wizzair,wizzairTicket5.jpeg,medium,tickets/wizzair/im_small/wizzairTicket5.jpeg,tickets/wizzair/im_medium/wizzairTicket5.jpeg,tickets/wizzair/im_big/wizzairTicket5.jpeg,"(1906, 1582)","(1058, 1497)","(2306, 1982)","(0, 0)","(0, 0)","(0, 0)"
49,wizzair,tickets/wizzair,wizzairTicket2.jpeg,medium,tickets/wizzair/im_small/wizzairTicket2.jpeg,tickets/wizzair/im_medium/wizzairTicket2.jpeg,tickets/wizzair/im_big/wizzairTicket2.jpeg,"(858, 1297)","(787, 1111)","(1258, 1697)","(96, 96)","(96, 96)","(96, 96)"
50,wizzair,tickets/wizzair,wizzairTicket.jpeg,medium,tickets/wizzair/im_small/wizzairTicket.jpeg,tickets/wizzair/im_medium/wizzairTicket.jpeg,tickets/wizzair/im_big/wizzairTicket.jpeg,"(587, 911)","(563, 850)","(987, 1311)","(72, 72)","(72, 72)","(72, 72)"
51,wizzair,tickets/wizzair,wizzairTicket3.jpeg,medium,tickets/wizzair/im_small/wizzairTicket3.jpeg,tickets/wizzair/im_medium/wizzairTicket3.jpeg,tickets/wizzair/im_big/wizzairTicket3.jpeg,"(363, 650)","(787, 1111)","(763, 1050)","(96, 96)","(96, 96)","(96, 96)"
52,airBaltic,tickets/airBaltic,airbalticTicket.jpeg,medium,tickets/airBaltic/im_small/airbalticTicket.jpeg,tickets/airBaltic/im_medium/airbalticTicket.jpeg,tickets/airBaltic/im_big/airbalticTicket.jpeg,"(587, 911)","(793, 1113)","(987, 1311)","(96, 96)","(96, 96)","(96, 96)"
53,southwestair,tickets/southwestair,southwestairTicket.jpeg,medium,tickets/southwestair/im_small/southwestairTicket.jpeg,tickets/southwestair/im_medium/southwestairTicket.jpeg,tickets/southwestair/im_big/southwestairTicket.jpeg,"(593, 913)","(564, 878)","(993, 1313)","(72, 72)","(72, 72)","(72, 72)"
54,cathaypacficair,tickets/cathaypacficair,cathaypacificair.jpeg,medium,tickets/cathaypacficair/im_small/cathaypacificair.jpeg,tickets/cathaypacficair/im_medium/cathaypacificair.jpeg,tickets/cathaypacficair/im_big/cathaypacificair.jpeg,"(364, 678)","(360, 640)","(764, 1078)","(0, 0)","(0, 0)","(0, 0)"
55,lufthansaair,tickets/lufthansaair,lufthansaairTicket3.jpeg,medium,tickets/lufthansaair/im_small/lufthansaairTicket3.jpeg,tickets/lufthansaair/im_medium/lufthansaairTicket3.jpeg,tickets/lufthansaair/im_big/lufthansaairTicket3.jpeg,"(160, 440)","(787, 1111)","(560, 840)","(96, 96)","(96, 96)","(96, 96)"
56,lufthansaair,tickets/lufthansaair,lufthansaairTicket2.jpeg,medium,tickets/lufthansaair/im_small/lufthansaairTicket2.jpeg,tickets/lufthansaair/im_medium/lufthansaairTicket2.jpeg,tickets/lufthansaair/im_big/lufthansaairTicket2.jpeg,"(587, 911)","(253, 450)","(987, 1311)","(72, 72)","(72, 72)","(72, 72)"
57,lufthansaair,tickets/lufthansaair,lufthansaappTicket.jpeg,medium,tickets/lufthansaair/im_small/lufthansaappTicket.jpeg,tickets/lufthansaair/im_medium/lufthansaappTicket.jpeg,tickets/lufthansaair/im_big/lufthansaappTicket.jpeg,"(53, 250)","(256, 512)","(453, 650)","(0, 0)","(0, 0)","(0, 0)"
58,lufthansaair,tickets/lufthansaair,lufthansaTicket.jpeg,medium,tickets/lufthansaair/im_small/lufthansaTicket.jpeg,tickets/lufthansaair/im_medium/lufthansaTicket.jpeg,tickets/lufthansaair/im_big/lufthansaTicket.jpeg,"(56, 312)","(785, 788)","(456, 712)","(0, 0)","(0, 0)","(0, 0)"
59,qantasair,tickets/qantasair,qantasairTicket.jpeg,medium,tickets/qantasair/im_small/qantasairTicket.jpeg,tickets/qantasair/im_medium/qantasairTicket.jpeg,tickets/qantasair/im_big/qantasairTicket.jpeg,"(585, 588)","(450, 483)","(985, 988)","(96, 96)","(96, 96)","(96, 96)"
60,aircanada,tickets/aircanada,aircanadaTicket.jpeg,medium,tickets/aircanada/im_small/aircanadaTicket.jpeg,tickets/aircanada/im_medium/aircanadaTicket.jpeg,tickets/aircanada/im_big/aircanadaTicket.jpeg,"(250, 283)","(564, 229)","(650, 683)","(0, 0)","(0, 0)","(0, 0)"
61,aviancaair,tickets/aviancaair,aviancaairTicket.png,medium,tickets/aviancaair/im_small/aviancaairTicket.png,tickets/aviancaair/im_medium/aviancaairTicket.png,tickets/aviancaair/im_big/aviancaairTicket.png,"(364, 29)","(595, 841)","(764, 429)","(0, 0)","(0, 0)","(0, 0)"
62,deltaairlines,tickets/deltaairlines,deltairTicket.jpeg,medium,tickets/deltaairlines/im_small/deltairTicket.jpeg,tickets/deltaairlines/im_medium/deltairTicket.jpeg,tickets/deltaairlines/im_big/deltairTicket.jpeg,"(395, 641)","(640, 287)","(795, 1041)","(0, 0)","(0, 0)","(0, 0)"
63,ethiadair,tickets/ethiadair,ethiadairTicket.jpeg,medium,tickets/ethiadair/im_small/ethiadairTicket.jpeg,tickets/ethiadair/im_medium/ethiadairTicket.jpeg,tickets/ethiadair/im_big/ethiadairTicket.jpeg,"(440, 87)","(415, 595)","(840, 487)","(72, 72)","(72, 72)","(72, 72)"
64,finnair,tickets/finnair,finnairTicket.jpeg,medium,tickets/finnair/im_small/finnairTicket.jpeg,tickets/finnair/im_medium/finnairTicket.jpeg,tickets/finnair/im_big/finnairTicket.jpeg,"(215, 395)","(789, 1113)","(615, 795)","(96, 96)","(96, 96)","(96, 96)"
65,korenair,tickets/korenair,koreanairTicket.png,medium,tickets/korenair/im_small/koreanairTicket.png,tickets/korenair/im_medium/koreanairTicket.png,tickets/korenair/im_big/koreanairTicket.png,"(589, 913)","(1364, 1514)","(989, 1313)","(144, 144)","(144, 144)","(144, 144)"
66,azulair,tickets/azulair,azulairTicket.jpeg,medium,tickets/azulair/im_small/azulairTicket.jpeg,tickets/azulair/im_medium/azulairTicket.jpeg,tickets/azulair/im_big/azulairTicket.jpeg,"(1164, 1314)","(563, 859)","(1564, 1714)","(144, 144)","(144, 144)","(144, 144)"
67,skyexpressair,tickets/skyexpressair,skyexpressairTicket.jpeg,medium,tickets/skyexpressair/im_small/skyexpressairTicket.jpeg,tickets/skyexpressair/im_medium/skyexpressairTicket.jpeg,tickets/skyexpressair/im_big/skyexpressairTicket.jpeg,"(363, 659)","(785, 1111)","(763, 1059)","(96, 96)","(96, 96)","(96, 96)"
68,airberlin,tickets/airberlin,airberlin3.jpeg,medium,tickets/airberlin/im_small/airberlin3.jpeg,tickets/airberlin/im_medium/airberlin3.jpeg,tickets/airberlin/im_big/airberlin3.jpeg,"(585, 911)","(787, 1115)","(985, 1311)","(96, 96)","(96, 96)","(96, 96)"
69,airberlin,tickets/airberlin,airberlin2.jpeg,medium,tickets/airberlin/im_small/airberlin2.jpeg,tickets/airberlin/im_medium/airberlin2.jpeg,tickets/airberlin/im_big/airberlin2.jpeg,"(587, 915)","(787, 1111)","(987, 1315)","(96, 96)","(96, 96)","(96, 96)"
70,airberlin,tickets/airberlin,airberlin4.jpeg,medium,tickets/airberlin/im_small/airberlin4.jpeg,tickets/airberlin/im_medium/airberlin4.jpeg,tickets/airberlin/im_big/airberlin4.jpeg,"(587, 911)","(793, 1113)","(987, 1311)","(96, 96)","(96, 96)","(96, 96)"
71,airberlin,tickets/airberlin,airberlin1.jpeg,medium,tickets/airberlin/im_small/airberlin1.jpeg,tickets/airberlin/im_medium/airberlin1.jpeg,tickets/airberlin/im_big/airberlin1.jpeg,"(593, 913)","(787, 1111)","(993, 1313)","(96, 96)","(96, 96)","(96, 96)"
72,blueair,tickets/blueair,blueairTicket.jpeg,medium,tickets/blueair/im_small/blueairTicket.jpeg,tickets/blueair/im_medium/blueairTicket.jpeg,tickets/blueair/im_big/blueairTicket.jpeg,"(587, 911)","(787, 1111)","(987, 1311)","(96, 96)","(96, 96)","(96, 96)"
73,blueair,tickets/blueair,blueairTicket2.jpeg,medium,tickets/blueair/im_small/blueairTicket2.jpeg,tickets/blueair/im_medium/blueairTicket2.jpeg,tickets/blueair/im_big/blueairTicket2.jpeg,"(587, 911)","(787, 1111)","(987, 1311)","(96, 96)","(96, 96)","(96, 96)"
74,flynasairline,tickets/flynasairline,flynasairTicket.jpeg,medium,tickets/flynasairline/im_small/flynasairTicket.jpeg,tickets/flynasairline/im_medium/flynasairTicket.jpeg,tickets/flynasairline/im_big/flynasairTicket.jpeg,"(587, 911)","(564, 1002)","(987, 1311)","(72, 72)","(72, 72)","(72, 72)"
75,rynair,tickets/rynair,rynairTicket.png,medium,tickets/rynair/im_small/rynairTicket.png,tickets/rynair/im_medium/rynairTicket.png,tickets/rynair/im_big/rynairTicket.png,"(364, 802)","(1806, 1582)","(764, 1202)","(144, 144)","(144, 144)","(144, 144)"
76,aeroflot,tickets/aeroflot,aeroflotTicket.jpeg,medium,tickets/aeroflot/im_small/aeroflotTicket.jpeg,tickets/aeroflot/im_medium/aeroflotTicket.jpeg,tickets/aeroflot/im_big/aeroflotTicket.jpeg,"(1606, 1382)","(787, 1111)","(2006, 1782)","(96, 96)","(96, 96)","(96, 96)"
77,vuelingair,tickets/vuelingair,vuelingairTicket2.jpeg,medium,tickets/vuelingair/im_small/vuelingairTicket2.jpeg,tickets/vuelingair/im_medium/vuelingairTicket2.jpeg,tickets/vuelingair/im_big/vuelingairTicket2.jpeg,"(587, 911)","(793, 1115)","(987, 1311)","(96, 96)","(96, 96)","(96, 96)"
78,vuelingair,tickets/vuelingair,vuelingTicket.jpeg,medium,tickets/vuelingair/im_small/vuelingTicket.jpeg,tickets/vuelingair/im_medium/vuelingTicket.jpeg,tickets/vuelingair/im_big/vuelingTicket.jpeg,"(593, 915)","(564, 1003)","(993, 1315)","(72, 72)","(72, 72)","(72, 72)"
79,vuelingair,tickets/vuelingair,vuelingairTicket.jpeg,medium,tickets/vuelingair/im_small/vuelingairTicket.jpeg,tickets/vuelingair/im_medium/vuelingairTicket.jpeg,tickets/vuelingair/im_big/vuelingairTicket.jpeg,"(364, 803)","(793, 1115)","(764, 1203)","(96, 96)","(96, 96)","(96, 96)"
80,unitedair,tickets/unitedair,unitedairTicket.jpeg,medium,tickets/unitedair/im_small/unitedairTicket.jpeg,tickets/unitedair/im_medium/unitedairTicket.jpeg,tickets/unitedair/im_big/unitedairTicket.jpeg,"(593, 915)","(550, 299)","(993, 1315)","(96, 96)","(96, 96)","(96, 96)"
